index,sequence,y_true,y_pred,residual
0,ELAGIGILTV,20.0,2.0498626232147217,17.950138092041016
1,GPETLCGAELVDALQFVCGDRGFYFNKPTGYGYGSSRRAPQTGIVDECCFRSCDLRRLMYCAPLKPAKSA,20.0,3.3758373260498047,16.624162673950195
2,MWQRPSSWIEGRFPHSDAVFTDQYTRLRKQLAAKKYLQSLKQKRY,16.71875,1.4606142044067383,15.258135795593262
3,RRWQWR,0.5,0.555848240852356,-0.05584824085235596
4,RRWWRF,0.5,8.88986873626709,-8.38986873626709
5,RRWQWRMKKLG,0.5,2.4643232822418213,-1.9643232822418213
6,LPFFD,0.08331298828125,1.9579476118087769,-1.8746346235275269
7,SPKMVQGSGCFGRKMDRISSSSGLGCKVLRRH,0.051666259765625,1.1240674257278442,-1.0724011659622192
8,MMRDSGCFGRRLDRIGSLSGLGCNVLRRY,0.051666259765625,1.9709224700927734,-1.9192562103271484
9,SLRRSSCFGGRMDRIGAQSGLGCNSFRY,0.36669921875,2.525604009628296,-2.158904790878296
10,SPTLAYAVP,0.058319091796875,1.5802562236785889,-1.5219371318817139
11,YADAIFTNSYRKVLGQLSARKLLQDIMSR,0.25,2.4768834114074707,-2.2268834114074707
12,EAEDLQVGQVELGGGPGAGSLQPLALEGSLQ,0.55810546875,1.8023343086242676,-1.2442288398742676
13,ECG,0.02667236328125,0.36455005407333374,-0.33787769079208374
14,SDKP,0.83349609375,0.062494587153196335,0.7710015177726746
15,DNPSLSIDLTFHLLRTLLELARTQSQRERAEQNRIIFDSV,0.89990234375,2.4308252334594727,-1.5309228897094727
16,ELRMSSSYPTGLADVKAGPAQTLIRPQDMKGASRSPEDSSPDAARIRV,0.36669921875,1.1183202266693115,-0.7516210079193115
17,IPP,0.5,0.523482620716095,-0.02348262071609497
18,SLRRSSCFGGRIDRIGAQSGCNSFRY,0.040008544921875,2.13801646232605,-2.098007917404175
19,SPRGDLAVLGHKY,0.91650390625,1.0092359781265259,-0.09273207187652588
20,NPMYNAVSNADLMDFKNLLDHLEEKMPLEDEVVPPQVLSEPNEEAGAALSPLPEVPPWTGEVSPAQRDGGALGRGPWDSSDRSALLKSKLRALLTAPR,1.0,3.7165005207061768,-2.7165005207061768
21,HSDGIFTDSYSRYRKQMAVKKYLAAVLGKRYKQRVKNK,0.0716552734375,1.3888938426971436,-1.3172385692596436
22,HSDGIFTDSYSRYRKQMAVAKYLAAVLGKRYKQRVKNK,0.1383056640625,1.7305811643600464,-1.5922755002975464
23,HSDGIFTDSYSRYRKQMAVKAYLAAVLGKRYKQRVKNK,0.1099853515625,0.7107157707214355,-0.6007304191589355
24,HSDGIFTDSYSRYAKQMAVAKYLAAVLGKRYKQRVKNK,0.25,1.7802830934524536,-1.5302830934524536
25,HSDGIFTDSYSRYRAQMAVAKYLAAVLGKRYKQRVKNK,0.416748046875,1.0187368392944336,-0.6019887924194336
26,HSQGTFTSDYSKYLDSRRAQDFVQWLMNT,0.1666259765625,1.5589849948883057,-1.3923590183258057
27,AAGIGILTV,0.08331298828125,0.49309104681015015,-0.40977805852890015
28,EAAGIGILTV,0.75,10.191027641296387,-9.441027641296387
29,HSDAVFTDNYTRLRKQMAVKKYLNSILN,0.01666259765625,1.2906495332717896,-1.2739869356155396
30,YGGFL,0.353271484375,0.9006919860839844,-0.5474205017089844
31,ACDTATCVTHRLAGLLSRSGGVVKNNFVPTNVGSKAF,0.114990234375,0.18619149923324585,-0.07120126485824585
32,WMDF,0.2166748046875,0.7318800687789917,-0.5152052640914917
33,YMGWMDF,0.041656494140625,0.8603547215461731,-0.8186982274055481
34,DYMGWMDF,0.300048828125,0.37497183680534363,-0.07492300868034363
35,RDYWGWLDF,0.045013427734375,1.7260953187942505,-1.6810818910598755
36,DRDYMGWMDF,0.5,0.5732282996177673,-0.07322829961776733
37,VPLPAGGGTVLTKMYPRGNHWAVGHLM,0.046661376953125,0.5714558362960815,-0.5247944593429565
38,GWTLNSAGYLLGPHAVGNHRSFSDKNGLTS,0.061676025390625,0.6221023201942444,-0.5604262948036194
39,NSDSECPLSHDGYCLHDGVCMYIEALDKYACNCVVGYIGERCQYRDLKWWELR,0.2066650390625,10.020706176757812,-9.814041137695312
40,GSSFLSPEHQRVQQRKESKKPPAKLQPR,0.35009765625,0.5200762748718262,-0.16997861862182617
41,SEEPPISLDLTFHLLREVLEMARAEQLAQQAHSNRKLMEII,0.50830078125,1.9618759155273438,-1.4535751342773438
42,AQKVNSGEPRAHLGALLARYIQQARKAPSGRMSVIKNLQNLDPSHRISDRDYMGWMDF,0.75,2.3265976905822754,-1.5765976905822754
43,HADGVFTSDFSKLLGQLSAKKYLESLM,0.10833740234375,0.7839073538780212,-0.6755699515342712
44,HADGVFTSDFSKLLGQLSAKKYLESLMGKRVSSNISEDPVPV,0.625,1.2245866060256958,-0.5995866060256958
45,HSQGTFTSDYSKYLDSRRAQDFVQWLMNTKRNKNNIA,0.199951171875,0.7022650837898254,-0.5023139119148254
46,YGGFM,0.21337890625,0.9937204718589783,-0.7803415656089783
47,APGPR,0.08331298828125,1.1874685287475586,-1.1041555404663086
48,HDEFERHAEGTFTSDVSSYLEGQAAKEFIAWLVKGR,0.28662109375,5.5674943923950195,-5.2808732986450195
49,PGDSTRKCMDLKGNK,0.89990234375,0.5188966989517212,0.3810056447982788
50,FPTIPLSRLFDNAMLRAHRLHQLAFDTYQEFEEAYIPKEQKYSFLQNPQTSLCFSESIPTPSNREETQQKSNLELLRISLLLIQSWLEPVQFLRSVFANSLVYGASDSNVYDLLKDLEEGIQTLMGRLEDGSPRTGQIFKQTYSKFDTNSHNDDALLKNYGLLYCFRKDMDKVETFLRIVQCRSVEGSCGF,0.300048828125,5.9316864013671875,-5.6316375732421875
51,HGEGTFTSDLSKQLEEEAVRLFIEWLKNGGPSSGAPPPS,5.0,9.804600715637207,-4.804600715637207
52,VVYTDCTESGQNLCLCEGSNVCGQGNKCILGSDGEKNQCVTGEGTPKPQSHNDGDFEEIPEEYLQ,2.5,0.5792536735534668,1.9207463264465332
53,RPPGF,1.5,0.593738853931427,0.906261146068573
54,HPLGSPGSASDLETSGLQEQRNHLQGKLSELQVEQTSLEPLQESPRTPGVWKSREVATEGIRGHRKMVLYTLRAPR,2.0,3.374988317489624,-1.374988317489624
55,LEQYANQLADQIIKEATE,1.5,4.423938274383545,-2.923938274383545
56,KPSSPPEE,2.0,0.11916880309581757,1.880831241607666
57,HSDGIFTDSYSRYRKQMAVKKYLAAVL,2.0,1.4456909894943237,0.5543090105056763
58,SVTLFGESAGAASVSLHLLSPGSHSLFTR,2.0,1.071224570274353,0.928775429725647
59,NQEEVSPYTLLKG,1.2001953125,0.7546873688697815,0.4455079436302185
60,EDYELMDLLAYLK,1.18359375,3.4572904109954834,-2.2736966609954834
61,PLLQATL,1.5,2.449258804321289,-0.9492588043212891
62,SVSEIQLMHNLGKHLNSMERVEWLRKKLQDVHNF,5.0,6.125199794769287,-1.125199794769287
63,ANTFLEEVRKGNLERECVEETCSYEEAFEALESSTATDVFWAKYTACETARTPRDKLAACLEGNCAEGLGTNYRGHVNITRSGIECQLWRSRYPHKPEINSTTHPGADLQENFCRNPDSSTTGPWCYTTDPTVRRQECSIPVCGQDQVTVAMTPRSEGSSVNLSPPLEQCVPDRGQQYQGRLAVTTHGLPCLAWASAQAKALSKHQDFNSAVQLVENFCRNPDGDEEGVWCYVAGKPGDFGYCDLNYCEEAVEEETGDGLDEDSDRAIEGRTA,1.5,2.0690338611602783,-0.5690338611602783
64,YTSLIHSLIEESQNQQEKNEQELLELDKWASLWNWF,3.16015625,1.744101881980896,1.416054368019104
65,HAEGTFTSDVSSYLEGQAAKEFIAWLVKGR,2.0,12.747210502624512,-10.747210502624512
66,TTWEAWDRAIAEYAARIEALLRALQEQQEKNEAALREL,70.0,10.374359130859375,59.625640869140625
67,YAEGTFISDYSIAMDKIHQQDFVNWLLAQKGKKNDWKHNITQ,12.0,0.8516528606414795,11.148346900939941
68,NPVENMMDRDSQ,12.0,0.8944573402404785,11.10554313659668
69,ALAGIGILTV,11.0,8.849041938781738,2.1509580612182617
70,DLAGIGILTV,12.0,5.682373046875,6.317626953125
71,GLAGIGILTV,13.0,3.3542559146881104,9.645744323730469
72,HAEGTFTSDVSSYLEGQAAKEFIAWLVRGRG,14.0,8.367236137390137,5.632763862609863
73,HAEGTFTSDVSSYLEGQAAKEFIAWLVKGRG,13.0,0.7748473286628723,12.225152969360352
74,RKEVY,0.008331298828125,0.5541709661483765,-0.5458396673202515
75,HGEGTFTSDLSKQMEEEAVRLFIEWLKNGGPSSGAPPPS,9.5703125,1.1147589683532715,8.45555305480957
76,YGRKKRRQRRR,6.66796875,1.2667938470840454,5.401175022125244
77,CSNLSTCVLGKLSQELHKLQTYPRTNTGSGTP,1.080078125,1.3935028314590454,-0.3134247064590454
78,HSDGTFTSELSRLREGARLQRLLQGLV,0.75,1.9321961402893066,-1.1821961402893066
79,GIVEQCCTSICSLYQLENYCN,2.69921875,4.360923767089844,-1.6617050170898438
80,MWTGLGPAVTLALVLVVAWATELKPTAPPIFTGRPFVVAWDVPTQDCGPR,0.029998779296875,6.098866939544678,-6.068868160247803
81,KCNTATCATQRLANFLVHSSNNFGPILPPTNVGSNTY,0.7998046875,1.4529379606246948,-0.6531332731246948
82,SYSMEHFRWGKPVGKKRRPVKVYP,0.25,0.02472677081823349,0.2252732217311859
83,SYSMEHFRWGKPVGKKRRPVKVYPDGAEDQLAEAFPLEF,0.25,1.3203285932540894,-1.0703285932540894
84,SDAAVDTSSEITTKDLKEKKEVVEEAEN,2.0,0.8638460636138916,1.1361539363861084
85,HAEGTFTSDVSSYLEGQAAKEEFIAWLVRGRG,13.0,13.409951210021973,-0.40995121002197266
86,YADAIFTNSYRKVLGQLSARKLLQDIMSRQQGESNQERGARARL,0.63330078125,3.9867422580718994,-3.3534414768218994
87,QIQLQQSGPEVVKPGASVKISCKASGYTFTDYYITWVK,120.0,13.415444374084473,106.58455657958984
88,EFARPCIPKSFGYSSVVCVCNATYCDSFDPPTFPALGTFSRYESTRSGRR,0.396728515625,0.6563838720321655,-0.2596553564071655
89,HGDGSFSDEMNTILDNLAARDFINWLIQTKITD,2.0,3.0421838760375977,-1.0421838760375977
90,YADAIFTNSYRKVLGQLSARKLLQDIMSRQ,0.191650390625,1.6590267419815063,-1.4673763513565063
91,CGNLSTCMLGTYTQDFNKFHTFPQTAIGVGAP,0.39990234375,0.822988748550415,-0.42308640480041504
92,PGQEHPNARKYKGANKKGLSKGCFGLKLDRIGSMSGLGC,0.407470703125,1.3428750038146973,-0.9354043006896973
93,LLRRKSHDHAQNHDGDKCLRGASLGYYQSFLNQYKPQCILNKP,17.5,1.560689091682434,15.939311027526855
94,EVQLVESGGGLVQPGGSLRLSCAASGYSFTGHWMNWVRQAPGKGLEWVGIMIHPSDSETRYNQKFKDIRFTISVDKSKNTLYLQMNSLRAEDTAVYYCARIGIYFYGTTYFDYIWGQGTLVTVSS,120.0,11.996382713317871,108.00361633300781
95,QVTLRESGPALVKPTQTLTLTCTFSGFSLSTSGMSVGWIRQPPGKALEWLADIWWDDKKDYNPSLKSRLTISKDTSKNQVVLKVTNMDPADTATYYCARSMITNWYFDVWGAGTTVTVSS,456.0,14.080451965332031,441.9195556640625
96,FPRPGGGGNGDFEEIPEEYL,0.419921875,0.7504900097846985,-0.3305681347846985
97,PHWSYLLR,3.0,0.8473799228668213,2.1526200771331787
98,CYFQNCPRG,0.25,1.220750331878662,-0.9707503318786621
99,CYIQNCPLG,0.058319091796875,1.3802772760391235,-1.3219581842422485
100,IEGPTLRQWLAARA,84.0,0.678086519241333,83.32191467285156
101,CDLPQTHSLGSRRTLMLLAQMRRISLFSCLKDRHDFGFPQEEFGNQFQKAETIPVLHEMIQQIFNLFSTKDSSAAWDETLLDKFYTELYQQLNDLEACVIQGVGVTETPLMKEDSILAVRKYFQRITLYLKEKKYSPCAWEVVRAEIMRSFSLSTNLQESLRSKE,164.0,3.76389741897583,160.23609924316406
102,CDLPQTHSLGSRRTLMLLAQMRKISLFSCLKDRHDFGFPQEEFGNQFQKAETIPVLHEMIQQIFNLFSTKDSSAAWDETLLDKFYTELYQQLNDLEACVIQGVGVTETPLMKEDSILAVRKYFQRITLYLKEKKYSPCAWEVVRAEIMRSFSLSTNLQESLRSKE,1.2001953125,13.784892082214355,-12.584696769714355
103,APPRLICDSRVLERYLLEAKEAENITTGCAEHCSLNENITVPDTKVNFYAWKRMEVGQQAVEVWQGLALLSEAVLRGQALLVNSSQPWEPLQLHVDKAVSGLRSLTTLLRALGAQKEAISPPDAASAAPLRTITADTFRKLFRVYSNFLRGKLKLYTGEACRTGDR,4.0,11.579797744750977,-7.579797744750977
104,MTPLGPASSLPQSFLLKCLEQVRKIQGDGAALQEKLCATYKLCHPEELVLLGHSLGIPWAPLSSCPSQALQLAGCLSQLHSGLFLYQGLLQALEGISPELGPTLDTLQLDVADFATTIWQQMEELGMAPALQPTQGAMPAFASAFQRRAGGVLVASHLQSFLEVSYRVLRHLAQP,47.5,1.8715813159942627,45.62841796875
105,MRPSGRKSSKMQAFRIWDVNQKTFYLRNNQLVAGYLQGPNVNLEEKIDVVPIEPHALFLGIHGGKMCLSCVKSGDETRLQLEAVNITDLSENRKQDKRFAFIRSDSGPTTSFESAACPGWFLCTAMEADQPVSLTNMPDEGVMVTKFYFQEDE,5.0,13.622005462646484,-8.622005462646484
106,GPPPGPPRVSPDPRAELDSTVLLTRSLLADTRQLAAQLRDKFPADGDHNLDSLPTLAMSAGALGALQLPGVLTRLRADLLSYLRHVQWLRRAGGSSLKTLEPELGTLQARLDRLLRRLQLLMSRLALPQPPPDPPAPPLAPPSSAWGGIRAAHAILGGLHLTLDWAVRGLLLLKTRL,1.7001953125,14.25624942779541,-12.55605411529541
107,MSYDYMEGGDIRVRRLFCRTQWYLRIDKRGKVKGTQEMKNNYNIMEIRTVAVGIVAIKGVESEFYLAMNKEGKLYAKKECNEDCNFKELILENHYNTYASAKWTHNGGEMFVALNQKGIPVRGKKTKKEQKTAHFLPMAIT,4.5,1.861170768737793,2.638829231262207
108,MPTSSSTKKTQLQLEHLLLDLQMILNGINNYKNPKLTRMLTFKFYMPKKATELKHLQCLEEELKPLEEVLNLAQSKNFHLRPRDLISNINVIVLELKGSETTFMCEYADETATIVEFLNRWITFSQSIISTLT,0.81982421875,5.668157577514648,-4.848333358764648
109,MSYNLLGFLQRSSNFQCQKLLWQLNGRLEYCLKDRMNFDIPEEIKQLQQFQKEDAALTIYEMLQNIFAIFRQDSSSTGWNETIVENLLANVYHQINHLKTVLEEKLEKEDFTRGKLMSSLHLKRYYGRILHYLKAKEYSHCAWTIVRVEILRNFYFINRLTGYLRN,10.0,4.7117695808410645,5.2882304191589355
110,SYNLLGFLQRSSNFQSQKLLWQLNGRLEYCLKDRMNFDIPEEIKQLQQFQKEDAALTIYEMLQNIFAIFRQDSSSTGWNETIVENLLANVYHQINHLKTVLEEKLEKEDFTRGKLMSSLHLKRYYGRILHYLKAKEYSHCAWTIVRVEILRNFYFINRLTGYLRN,0.25,4.132819175720215,-3.882819175720215
111,MCDLPQTHSLGNRRALILLAQMRRISPFSCLKDRHDFGFPQEEFDGNQFQKAQAISVLHEMIQQTFNLFSTKDSSAAWDESLLEKFYTELYQQLNDLEACVIQEVGVEETPLMNVDSILAVKKYFQRITLYLTEKKYSPCAWEVVRAEIMRSFSLSTNLQERLRRKE,1.2998046875,15.004311561584473,-13.704506874084473
112,CDLPQTHSLGSRRTLMLLAQMRRISLFSCLKDRHDFGFPQEEFGNQFQKAETIPVLHEMIQQIFNLFSTKDSSAAWDETLLDKFYTELYQQLNDLEACVIQGVGVTETPLMNEDSILAVRKYFQRITLYLKEKKYSPCAWEVVRAEIMRSFSLSTNLQESLRSKE,2.5,2.0042970180511475,0.49570298194885254
113,MEGICRNRVTNNVKDVTKLVANLPKDYMITLKYVPGMDVLPSHCWISEMVVQLSDSLTDLLDKFSNISEGLSNYSIIDKLVNIVDDLVECVKENSSKDLKKSFKSPEPRLFTPEEFFRIFNRSIDAFKDFVVASETSDCVVSSTLSPEKDSRVSVTKPFMLPPVA,3.5,0.9171886444091797,2.5828113555908203
114,MVPIQKVQDDTKTLIKTIVTRINDISHTQSVSSKQKVTGLDFIPGLHPILTLSKMDQTLAVYQQILTSMPSRNVIQISNDLENLRDLLHVLAFSKSCHLPWASGLETLDSLGGVLEASGYSTEVVALSRLQGSLQDMLWQLDLSPGC,4.25,13.339761734008789,-9.089761734008789
115,VRSSSRTPSDKPVAHVVANPQAEGQLQWLNRRANALLANGVELRDNQLVVPSEGLYLIYSQVLFKGQGCPSTHVLLTHTISRIAVSYQTKVNLLSAIKSPCQRETPEGAEAKPWYEPIYLGGVFQLEKGDRLSAEINRPDYLDFAESGQVYFGIIAL,0.416748046875,14.730400085449219,-14.313652038574219
116,MTNKCLLQIALLLCFSTTALSMSYNLLGFLQRSSNFQCQKLLWQLNGRLEYCLKDRMNFDIPEEIKQLQQFQKEDAALTIYEMLQNIFAIFRQDSSSTGWNETIVENLLANVYHQINHLKTVLEEKLEKEDFTRGKLMSSLHLKRYYGRILHYLKAKEYSHCAWTIVRVEILRNFYFINRLTGYLRN,0.13330078125,5.946328639984131,-5.813027858734131
117,FPTIPLSRLFDNAMLRAHRLHQLAFDTYQEFEEAYIPKEQKYSFLQNPQTSLCFSESIPTPSNREETQQKSNLELLRISLLLIQSWLEPVQFLRSVFANSCVYGASDSNVYDLLKDLEEGIQTLMGRLEDGSPRTGQIFKQTYSKFDTNSHNDDALLKNYGLLYCFRKDMDKVETFLRIVQCRSVEGSCGF,60.0,6.299312591552734,53.700687408447266
118,LTYTDCTESGQNLCLCEGSNVCGQGNKCILGSDGEKNQCVTGEGTPKPQSHNDGDFEEIPEEYLQ,1.2998046875,0.3857545554637909,0.9140501022338867
119,APDVQDCPECTLQENPFFSQPGAPILQCMGCCFSRAYPTPLRSKKTMLVQKNVTSESTCCVAKSYNRVTVMGGFKVENHTACHCSTCYYHKS,25.0,5.747884750366211,19.25211524963379
120,GPETLCGAELVDALQFVCGDRGFYFNKPTGYGSSSRRAPQTGIVDECCFRSCDLRRLEMYCAPLKPAKSA,5.80078125,1.4445480108261108,4.3562331199646
121,SVSEIQLMHNLGKHLNSMERVEWLRKKLQDVHNFVALGAPLAPRDAGSQRPRKKEDNVLVESHEKSLGEADKADVNVLTKAKSQ,1.5,0.7860790491104126,0.7139209508895874
122,RPDFCLEPPYTGPCKARIIRYFYNAKAGLCQTFVYGGCRAKRNNFKSAEDCMRTCGGA,2.5,2.2101120948791504,0.2898879051208496
123,EAMHSFCAFKADDGPCRAAHPRWFFNIFTRQCEEFIYGGCEGNQNRFESLEECKKMCTRD,2.0,2.2692649364471436,-0.26926493644714355
124,SYSMEHFRWGKPVGKKRRPVKVYPNGAEDESAEAFPLEF,0.25,1.0526701211929321,-0.8026701211929321
125,GGGCYFQNCPKG,0.83349609375,1.0037585496902466,-0.17026245594024658
126,HGEGTFTSDLSKQMEEEAVRLFIEWLKNGGPSSGAPPSKKKKKK,3.0,8.557109832763672,-5.557109832763672
127,SQEPPISLDLTFHLLREVLEMTKADQLAQQAHSNRKLLDIA,0.193359375,1.5425338745117188,-1.3491744995117188
128,HSDGTFTSELSRLRDSARLQRLLQGLV,0.449951171875,0.9330467581748962,-0.48309558629989624
129,DRVYIHPF,0.01666259765625,0.7130213975906372,-0.6963587999343872
