sequence,half_life_seconds,half_life_hours
ELAGIGILTV,72000.0,20.0
GPETLCGAELVDALQFVCGDRGFYFNKPTGYGYGSSRRAPQTGIVDECCFRSCDLRRLMYCAPLKPAKSA,72000.0,20.0
MWQRPSSWIEGRFPHSDAVFTDQYTRLRKQLAAKKYLQSLKQKRY,60192.0,16.72
RRWQWR,1800.0,0.5
RRWWRF,1800.0,0.5
RRWQWRMKKLG,1800.0,0.5
LPFFD,300.0,0.0833333333333333
SPKMVQGSGCFGRKMDRISSSSGLGCKVLRRH,186.0,0.0516666666666666
MMRDSGCFGRRLDRIGSLSGLGCNVLRRY,186.0,0.0516666666666666
SLRRSSCFGGRMDRIGAQSGLGCNSFRY,1320.0,0.3666666666666666
SPTLAYAVP,210.0,0.0583333333333333
YADAIFTNSYRKVLGQLSARKLLQDIMSR,900.0,0.25
EAEDLQVGQVELGGGPGAGSLQPLALEGSLQ,2010.0,0.5583333333333333
ECG,96.0,0.0266666666666666
SDKP,3000.0,0.8333333333333334
DNPSLSIDLTFHLLRTLLELARTQSQRERAEQNRIIFDSV,3240.0,0.9
ELRMSSSYPTGLADVKAGPAQTLIRPQDMKGASRSPEDSSPDAARIRV,1320.0,0.3666666666666666
IPP,1800.0,0.5
SLRRSSCFGGRIDRIGAQSGCNSFRY,144.0,0.04
SPRGDLAVLGHKY,3300.0,0.9166666666666666
NPMYNAVSNADLMDFKNLLDHLEEKMPLEDEVVPPQVLSEPNEEAGAALSPLPEVPPWTGEVSPAQRDGGALGRGPWDSSDRSALLKSKLRALLTAPR,3600.0,1.0
HSDGIFTDSYSRYRKQMAVKKYLAAVLGKRYKQRVKNK,258.0,0.0716666666666666
HSDGIFTDSYSRYRKQMAVAKYLAAVLGKRYKQRVKNK,498.0,0.1383333333333333
HSDGIFTDSYSRYRKQMAVKAYLAAVLGKRYKQRVKNK,396.0,0.11
HSDGIFTDSYSRYAKQMAVAKYLAAVLGKRYKQRVKNK,900.0,0.25
HSDGIFTDSYSRYRAQMAVAKYLAAVLGKRYKQRVKNK,1500.0,0.4166666666666667
HSQGTFTSDYSKYLDSRRAQDFVQWLMNT,600.0,0.1666666666666666
AAGIGILTV,300.0,0.0833333333333333
EAAGIGILTV,2700.0,0.75
HSDAVFTDNYTRLRKQMAVKKYLNSILN,60.0,0.0166666666666666
YGGFL,1272.0,0.3533333333333333
ACDTATCVTHRLAGLLSRSGGVVKNNFVPTNVGSKAF,414.0,0.115
WMDF,780.0,0.2166666666666666
YMGWMDF,150.0,0.0416666666666666
DYMGWMDF,1080.0,0.3
RDYWGWLDF,162.0,0.045
DRDYMGWMDF,1800.0,0.5
VPLPAGGGTVLTKMYPRGNHWAVGHLM,168.0,0.0466666666666666
GWTLNSAGYLLGPHAVGNHRSFSDKNGLTS,222.0,0.0616666666666666
NSDSECPLSHDGYCLHDGVCMYIEALDKYACNCVVGYIGERCQYRDLKWWELR,744.0,0.2066666666666666
GSSFLSPEHQRVQQRKESKKPPAKLQPR,1260.0,0.35
SEEPPISLDLTFHLLREVLEMARAEQLAQQAHSNRKLMEII,1830.0,0.5083333333333333
AQKVNSGEPRAHLGALLARYIQQARKAPSGRMSVIKNLQNLDPSHRISDRDYMGWMDF,2700.0,0.75
HADGVFTSDFSKLLGQLSAKKYLESLM,390.0,0.1083333333333333
HADGVFTSDFSKLLGQLSAKKYLESLMGKRVSSNISEDPVPV,2250.0,0.625
HSQGTFTSDYSKYLDSRRAQDFVQWLMNTKRNKNNIA,720.0,0.2
YGGFM,768.0,0.2133333333333333
APGPR,300.0,0.0833333333333333
HDEFERHAEGTFTSDVSSYLEGQAAKEFIAWLVKGR,1032.0,0.2866666666666667
PGDSTRKCMDLKGNK,3240.0,0.9
FPTIPLSRLFDNAMLRAHRLHQLAFDTYQEFEEAYIPKEQKYSFLQNPQTSLCFSESIPTPSNREETQQKSNLELLRISLLLIQSWLEPVQFLRSVFANSLVYGASDSNVYDLLKDLEEGIQTLMGRLEDGSPRTGQIFKQTYSKFDTNSHNDDALLKNYGLLYCFRKDMDKVETFLRIVQCRSVEGSCGF,1080.0,0.3
HGEGTFTSDLSKQLEEEAVRLFIEWLKNGGPSSGAPPPS,18000.0,5.0
VVYTDCTESGQNLCLCEGSNVCGQGNKCILGSDGEKNQCVTGEGTPKPQSHNDGDFEEIPEEYLQ,9000.0,2.5
RPPGF,5400.0,1.5
HPLGSPGSASDLETSGLQEQRNHLQGKLSELQVEQTSLEPLQESPRTPGVWKSREVATEGIRGHRKMVLYTLRAPR,7200.0,2.0
LEQYANQLADQIIKEATE,5400.0,1.5
KPSSPPEE,7200.0,2.0
HSDGIFTDSYSRYRKQMAVKKYLAAVL,7200.0,2.0
SVTLFGESAGAASVSLHLLSPGSHSLFTR,7200.0,2.0
NQEEVSPYTLLKG,4320.0,1.2
EDYELMDLLAYLK,4260.0,1.1833333333333331
PLLQATL,5400.0,1.5
SVSEIQLMHNLGKHLNSMERVEWLRKKLQDVHNF,18000.0,5.0
ANTFLEEVRKGNLERECVEETCSYEEAFEALESSTATDVFWAKYTACETARTPRDKLAACLEGNCAEGLGTNYRGHVNITRSGIECQLWRSRYPHKPEINSTTHPGADLQENFCRNPDSSTTGPWCYTTDPTVRRQECSIPVCGQDQVTVAMTPRSEGSSVNLSPPLEQCVPDRGQQYQGRLAVTTHGLPCLAWASAQAKALSKHQDFNSAVQLVENFCRNPDGDEEGVWCYVAGKPGDFGYCDLNYCEEAVEEETGDGLDEDSDRAIEGRTA,5400.0,1.5
YTSLIHSLIEESQNQQEKNEQELLELDKWASLWNWF,11376.0,3.16
HAEGTFTSDVSSYLEGQAAKEFIAWLVKGR,7200.0,2.0
TTWEAWDRAIAEYAARIEALLRALQEQQEKNEAALREL,252000.0,70.0
YAEGTFISDYSIAMDKIHQQDFVNWLLAQKGKKNDWKHNITQ,43200.0,12.0
NPVENMMDRDSQ,43200.0,12.0
ALAGIGILTV,39600.0,11.0
DLAGIGILTV,43200.0,12.0
GLAGIGILTV,46800.0,13.0
HAEGTFTSDVSSYLEGQAAKEFIAWLVRGRG,50400.0,14.0
HAEGTFTSDVSSYLEGQAAKEFIAWLVKGRG,46800.0,13.0
RKEVY,30.0,0.0083333333333333
HGEGTFTSDLSKQMEEEAVRLFIEWLKNGGPSSGAPPPS,34452.0,9.57
YGRKKRRQRRR,24000.0,6.666666666666667
Î²ALAGIGILTV,86400.0,24.0
CSNLSTCVLGKLSQELHKLQTYPRTNTGSGTP,3888.0,1.08
HSDGTFTSELSRLREGARLQRLLQGLV,2700.0,0.75
GIVEQCCTSICSLYQLENYCN,9720.0,2.7
MWTGLGPAVTLALVLVVAWATELKPTAPPIFTGRPFVVAWDVPTQDCGPR,108.0,0.03
KCNTATCATQRLANFLVHSSNNFGPILPPTNVGSNTY,2880.0,0.8
SYSMEHFRWGKPVGKKRRPVKVYP,900.0,0.25
SYSMEHFRWGKPVGKKRRPVKVYPDGAEDQLAEAFPLEF,900.0,0.25
SDAAVDTSSEITTKDLKEKKEVVEEAEN,7200.0,2.0
HAEGTFTSDVSSYLEGQAAKEEFIAWLVRGRG,46800.0,13.0
YADAIFTNSYRKVLGQLSARKLLQDIMSRQQGESNQERGARARL,2280.0,0.6333333333333333
QIQLQQSGPEVVKPGASVKISCKASGYTFTDYYITWVK,432000.0,120.0
EFARPCIPKSFGYSSVVCVCNATYCDSFDPPTFPALGTFSRYESTRSGRR,1428.0,0.3966666666666666
HGDGSFSDEMNTILDNLAARDFINWLIQTKITD,7200.0,2.0
YADAIFTNSYRKVLGQLSARKLLQDIMSRQ,690.0,0.1916666666666666
CGNLSTCMLGTYTQDFNKFHTFPQTAIGVGAP,1440.0,0.4
PGQEHPNARKYKGANKKGLSKGCFGLKLDRIGSMSGLGC,1467.0,0.4075
LLRRKSHDHAQNHDGDKCLRGASLGYYQSFLNQYKPQCILNKP,63000.0,17.5
EVQLVESGGGLVQPGGSLRLSCAASGYSFTGHWMNWVRQAPGKGLEWVGIMIHPSDSETRYNQKFKDIRFTISVDKSKNTLYLQMNSLRAEDTAVYYCARIGIYFYGTTYFDYIWGQGTLVTVSS,432000.0,120.0
QVTLRESGPALVKPTQTLTLTCTFSGFSLSTSGMSVGWIRQPPGKALEWLADIWWDDKKDYNPSLKSRLTISKDTSKNQVVLKVTNMDPADTATYYCARSMITNWYFDVWGAGTTVTVSS,1641600.0,456.0
FPRPGGGGNGDFEEIPEEYL,1512.0,0.42
PHWSYLLR,10800.0,3.0
CYFQNCPRG,900.0,0.25
CYIQNCPLG,210.0,0.0583333333333333
IEGPTLRQWLAARA,302400.0,84.0
CDLPQTHSLGSRRTLMLLAQMRRISLFSCLKDRHDFGFPQEEFGNQFQKAETIPVLHEMIQQIFNLFSTKDSSAAWDETLLDKFYTELYQQLNDLEACVIQGVGVTETPLMKEDSILAVRKYFQRITLYLKEKKYSPCAWEVVRAEIMRSFSLSTNLQESLRSKE,590400.0,164.0
CDLPQTHSLGSRRTLMLLAQMRKISLFSCLKDRHDFGFPQEEFGNQFQKAETIPVLHEMIQQIFNLFSTKDSSAAWDETLLDKFYTELYQQLNDLEACVIQGVGVTETPLMKEDSILAVRKYFQRITLYLKEKKYSPCAWEVVRAEIMRSFSLSTNLQESLRSKE,4320.0,1.2
APPRLICDSRVLERYLLEAKEAENITTGCAEHCSLNENITVPDTKVNFYAWKRMEVGQQAVEVWQGLALLSEAVLRGQALLVNSSQPWEPLQLHVDKAVSGLRSLTTLLRALGAQKEAISPPDAASAAPLRTITADTFRKLFRVYSNFLRGKLKLYTGEACRTGDR,14400.0,4.0
MTPLGPASSLPQSFLLKCLEQVRKIQGDGAALQEKLCATYKLCHPEELVLLGHSLGIPWAPLSSCPSQALQLAGCLSQLHSGLFLYQGLLQALEGISPELGPTLDTLQLDVADFATTIWQQMEELGMAPALQPTQGAMPAFASAFQRRAGGVLVASHLQSFLEVSYRVLRHLAQP,171000.0,47.5
MRPSGRKSSKMQAFRIWDVNQKTFYLRNNQLVAGYLQGPNVNLEEKIDVVPIEPHALFLGIHGGKMCLSCVKSGDETRLQLEAVNITDLSENRKQDKRFAFIRSDSGPTTSFESAACPGWFLCTAMEADQPVSLTNMPDEGVMVTKFYFQEDE,18000.0,5.0
GPPPGPPRVSPDPRAELDSTVLLTRSLLADTRQLAAQLRDKFPADGDHNLDSLPTLAMSAGALGALQLPGVLTRLRADLLSYLRHVQWLRRAGGSSLKTLEPELGTLQARLDRLLRRLQLLMSRLALPQPPPDPPAPPLAPPSSAWGGIRAAHAILGGLHLTLDWAVRGLLLLKTRL,6120.0,1.7
MSYDYMEGGDIRVRRLFCRTQWYLRIDKRGKVKGTQEMKNNYNIMEIRTVAVGIVAIKGVESEFYLAMNKEGKLYAKKECNEDCNFKELILENHYNTYASAKWTHNGGEMFVALNQKGIPVRGKKTKKEQKTAHFLPMAIT,16200.0,4.5
MPTSSSTKKTQLQLEHLLLDLQMILNGINNYKNPKLTRMLTFKFYMPKKATELKHLQCLEEELKPLEEVLNLAQSKNFHLRPRDLISNINVIVLELKGSETTFMCEYADETATIVEFLNRWITFSQSIISTLT,2952.0,0.82
MSYNLLGFLQRSSNFQCQKLLWQLNGRLEYCLKDRMNFDIPEEIKQLQQFQKEDAALTIYEMLQNIFAIFRQDSSSTGWNETIVENLLANVYHQINHLKTVLEEKLEKEDFTRGKLMSSLHLKRYYGRILHYLKAKEYSHCAWTIVRVEILRNFYFINRLTGYLRN,36000.0,10.0
SYNLLGFLQRSSNFQSQKLLWQLNGRLEYCLKDRMNFDIPEEIKQLQQFQKEDAALTIYEMLQNIFAIFRQDSSSTGWNETIVENLLANVYHQINHLKTVLEEKLEKEDFTRGKLMSSLHLKRYYGRILHYLKAKEYSHCAWTIVRVEILRNFYFINRLTGYLRN,900.0,0.25
MCDLPQTHSLGNRRALILLAQMRRISPFSCLKDRHDFGFPQEEFDGNQFQKAQAISVLHEMIQQTFNLFSTKDSSAAWDESLLEKFYTELYQQLNDLEACVIQEVGVEETPLMNVDSILAVKKYFQRITLYLTEKKYSPCAWEVVRAEIMRSFSLSTNLQERLRRKE,4680.0,1.3
CDLPQTHSLGSRRTLMLLAQMRRISLFSCLKDRHDFGFPQEEFGNQFQKAETIPVLHEMIQQIFNLFSTKDSSAAWDETLLDKFYTELYQQLNDLEACVIQGVGVTETPLMNEDSILAVRKYFQRITLYLKEKKYSPCAWEVVRAEIMRSFSLSTNLQESLRSKE,9000.0,2.5
MEGICRNRVTNNVKDVTKLVANLPKDYMITLKYVPGMDVLPSHCWISEMVVQLSDSLTDLLDKFSNISEGLSNYSIIDKLVNIVDDLVECVKENSSKDLKKSFKSPEPRLFTPEEFFRIFNRSIDAFKDFVVASETSDCVVSSTLSPEKDSRVSVTKPFMLPPVA,12600.0,3.5
MVPIQKVQDDTKTLIKTIVTRINDISHTQSVSSKQKVTGLDFIPGLHPILTLSKMDQTLAVYQQILTSMPSRNVIQISNDLENLRDLLHVLAFSKSCHLPWASGLETLDSLGGVLEASGYSTEVVALSRLQGSLQDMLWQLDLSPGC,15300.0,4.25
VRSSSRTPSDKPVAHVVANPQAEGQLQWLNRRANALLANGVELRDNQLVVPSEGLYLIYSQVLFKGQGCPSTHVLLTHTISRIAVSYQTKVNLLSAIKSPCQRETPEGAEAKPWYEPIYLGGVFQLEKGDRLSAEINRPDYLDFAESGQVYFGIIAL,1500.0,0.4166666666666667
MTNKCLLQIALLLCFSTTALSMSYNLLGFLQRSSNFQCQKLLWQLNGRLEYCLKDRMNFDIPEEIKQLQQFQKEDAALTIYEMLQNIFAIFRQDSSSTGWNETIVENLLANVYHQINHLKTVLEEKLEKEDFTRGKLMSSLHLKRYYGRILHYLKAKEYSHCAWTIVRVEILRNFYFINRLTGYLRN,480.0,0.1333333333333333
FPTIPLSRLFDNAMLRAHRLHQLAFDTYQEFEEAYIPKEQKYSFLQNPQTSLCFSESIPTPSNREETQQKSNLELLRISLLLIQSWLEPVQFLRSVFANSCVYGASDSNVYDLLKDLEEGIQTLMGRLEDGSPRTGQIFKQTYSKFDTNSHNDDALLKNYGLLYCFRKDMDKVETFLRIVQCRSVEGSCGF,216000.0,60.0
LTYTDCTESGQNLCLCEGSNVCGQGNKCILGSDGEKNQCVTGEGTPKPQSHNDGDFEEIPEEYLQ,4680.0,1.3
APDVQDCPECTLQENPFFSQPGAPILQCMGCCFSRAYPTPLRSKKTMLVQKNVTSESTCCVAKSYNRVTVMGGFKVENHTACHCSTCYYHKS,90000.0,25.0
GPETLCGAELVDALQFVCGDRGFYFNKPTGYGSSSRRAPQTGIVDECCFRSCDLRRLEMYCAPLKPAKSA,20880.0,5.8
SVSEIQLMHNLGKHLNSMERVEWLRKKLQDVHNFVALGAPLAPRDAGSQRPRKKEDNVLVESHEKSLGEADKADVNVLTKAKSQ,5400.0,1.5
RPDFCLEPPYTGPCKARIIRYFYNAKAGLCQTFVYGGCRAKRNNFKSAEDCMRTCGGA,9000.0,2.5
EAMHSFCAFKADDGPCRAAHPRWFFNIFTRQCEEFIYGGCEGNQNRFESLEECKKMCTRD,7200.0,2.0
SYSMEHFRWGKPVGKKRRPVKVYPNGAEDESAEAFPLEF,900.0,0.25
GGGCYFQNCPKG,3000.0,0.8333333333333334
HGEGTFTSDLSKQMEEEAVRLFIEWLKNGGPSSGAPPSKKKKKK,10800.0,3.0
SQEPPISLDLTFHLLREVLEMTKADQLAQQAHSNRKLLDIA,696.0,0.1933333333333333
HSDGTFTSELSRLRDSARLQRLLQGLV,1620.0,0.45
DRVYIHPF,60.0,0.0166666666666666
