sequence,index,y_true,y_pred,residual
ELAGIGILTV,0,20.0,7.182188034057617,12.817811965942383
GPETLCGAELVDALQFVCGDRGFYFNKPTGYGYGSSRRAPQTGIVDECCFRSCDLRRLMYCAPLKPAKSA,1,20.0,5.469179630279541,14.530820846557617
MWQRPSSWIEGRFPHSDAVFTDQYTRLRKQLAAKKYLQSLKQKRY,2,16.719999313354492,1.5638940334320068,15.156105041503906
RRWQWR,3,0.5,4.782231330871582,-4.282231330871582
RRWWRF,4,0.5,1.0844508409500122,-0.5844508409500122
RRWQWRMKKLG,5,0.5,14.471810340881348,-13.971810340881348
LPFFD,6,0.0833333358168602,0.7938810586929321,-0.7105477452278137
SPKMVQGSGCFGRKMDRISSSSGLGCKVLRRH,7,0.05166666582226753,0.9112995862960815,-0.8596329092979431
MMRDSGCFGRRLDRIGSLSGLGCNVLRRY,8,0.05166666582226753,1.1170234680175781,-1.0653568506240845
SLRRSSCFGGRMDRIGAQSGLGCNSFRY,9,0.36666667461395264,1.1849555969238281,-0.8182889223098755
SPTLAYAVP,10,0.05833333358168602,0.6105786561965942,-0.5522453188896179
YADAIFTNSYRKVLGQLSARKLLQDIMSR,11,0.25,0.2874068021774292,-0.0374068021774292
EAEDLQVGQVELGGGPGAGSLQPLALEGSLQ,12,0.5583333373069763,8.049215316772461,-7.49088191986084
ECG,13,0.02666666731238365,0.6557208299636841,-0.6290541887283325
SDKP,14,0.8333333134651184,2.74444580078125,-1.9111125469207764
DNPSLSIDLTFHLLRTLLELARTQSQRERAEQNRIIFDSV,15,0.8999999761581421,17.951833724975586,-17.051834106445312
ELRMSSSYPTGLADVKAGPAQTLIRPQDMKGASRSPEDSSPDAARIRV,16,0.36666667461395264,1.5776455402374268,-1.2109788656234741
IPP,17,0.5,1.008866310119629,-0.5088663101196289
SLRRSSCFGGRIDRIGAQSGCNSFRY,18,0.03999999910593033,1.5816755294799805,-1.5416755676269531
SPRGDLAVLGHKY,19,0.9166666865348816,2.2803313732147217,-1.3636646270751953
NPMYNAVSNADLMDFKNLLDHLEEKMPLEDEVVPPQVLSEPNEEAGAALSPLPEVPPWTGEVSPAQRDGGALGRGPWDSSDRSALLKSKLRALLTAPR,20,1.0,1.4803733825683594,-0.4803733825683594
HSDGIFTDSYSRYRKQMAVKKYLAAVLGKRYKQRVKNK,21,0.0716666653752327,1.9746453762054443,-1.9029786586761475
HSDGIFTDSYSRYRKQMAVAKYLAAVLGKRYKQRVKNK,22,0.13833333551883698,0.40411514043807983,-0.26578181982040405
HSDGIFTDSYSRYRKQMAVKAYLAAVLGKRYKQRVKNK,23,0.10999999940395355,0.3430170714855194,-0.23301707208156586
HSDGIFTDSYSRYAKQMAVAKYLAAVLGKRYKQRVKNK,24,0.25,0.6183470487594604,-0.36834704875946045
HSDGIFTDSYSRYRAQMAVAKYLAAVLGKRYKQRVKNK,25,0.4166666567325592,0.8605732321739197,-0.4439065754413605
HSQGTFTSDYSKYLDSRRAQDFVQWLMNT,26,0.1666666716337204,2.123760223388672,-1.957093596458435
AAGIGILTV,27,0.0833333358168602,2.812476396560669,-2.7291431427001953
EAAGIGILTV,28,0.75,8.790837287902832,-8.040837287902832
HSDAVFTDNYTRLRKQMAVKKYLNSILN,29,0.01666666753590107,0.6725807189941406,-0.6559140682220459
YGGFL,30,0.35333332419395447,0.29888826608657837,0.0544450581073761
ACDTATCVTHRLAGLLSRSGGVVKNNFVPTNVGSKAF,31,0.11500000208616257,0.5013159513473511,-0.3863159418106079
WMDF,32,0.21666666865348816,0.5393979549407959,-0.32273128628730774
YMGWMDF,33,0.0416666679084301,0.5733766555786133,-0.5317099690437317
DYMGWMDF,34,0.30000001192092896,0.07027648389339447,0.22972352802753448
RDYWGWLDF,35,0.04500000178813934,0.3452809751033783,-0.30028098821640015
DRDYMGWMDF,36,0.5,1.1526119709014893,-0.6526119709014893
VPLPAGGGTVLTKMYPRGNHWAVGHLM,37,0.046666666865348816,1.312591791152954,-1.2659251689910889
GWTLNSAGYLLGPHAVGNHRSFSDKNGLTS,38,0.061666667461395264,2.534213066101074,-2.472546339035034
NSDSECPLSHDGYCLHDGVCMYIEALDKYACNCVVGYIGERCQYRDLKWWELR,39,0.20666666328907013,6.016394138336182,-5.809727668762207
GSSFLSPEHQRVQQRKESKKPPAKLQPR,40,0.3499999940395355,2.3230297565460205,-1.9730297327041626
SEEPPISLDLTFHLLREVLEMARAEQLAQQAHSNRKLMEII,41,0.5083333253860474,1.4643909931182861,-0.9560576677322388
AQKVNSGEPRAHLGALLARYIQQARKAPSGRMSVIKNLQNLDPSHRISDRDYMGWMDF,42,0.75,1.1129217147827148,-0.36292171478271484
HADGVFTSDFSKLLGQLSAKKYLESLM,43,0.10833333432674408,1.2564504146575928,-1.1481170654296875
HADGVFTSDFSKLLGQLSAKKYLESLMGKRVSSNISEDPVPV,44,0.625,1.1383302211761475,-0.5133302211761475
HSQGTFTSDYSKYLDSRRAQDFVQWLMNTKRNKNNIA,45,0.20000000298023224,2.4171745777130127,-2.217174530029297
YGGFM,46,0.2133333384990692,0.2046252191066742,0.00870811939239502
APGPR,47,0.0833333358168602,0.7751145362854004,-0.691781222820282
HDEFERHAEGTFTSDVSSYLEGQAAKEFIAWLVKGR,48,0.2866666615009308,6.856333255767822,-6.569666385650635
PGDSTRKCMDLKGNK,49,0.8999999761581421,1.5172877311706543,-0.6172877550125122
FPTIPLSRLFDNAMLRAHRLHQLAFDTYQEFEEAYIPKEQKYSFLQNPQTSLCFSESIPTPSNREETQQKSNLELLRISLLLIQSWLEPVQFLRSVFANSLVYGASDSNVYDLLKDLEEGIQTLMGRLEDGSPRTGQIFKQTYSKFDTNSHNDDALLKNYGLLYCFRKDMDKVETFLRIVQCRSVEGSCGF,50,0.30000001192092896,3.768340587615967,-3.4683406352996826
HGEGTFTSDLSKQLEEEAVRLFIEWLKNGGPSSGAPPPS,51,5.0,6.201895713806152,-1.2018957138061523
VVYTDCTESGQNLCLCEGSNVCGQGNKCILGSDGEKNQCVTGEGTPKPQSHNDGDFEEIPEEYLQ,52,2.5,1.387087345123291,1.112912654876709
RPPGF,53,1.5,1.326916217803955,0.17308378219604492
HPLGSPGSASDLETSGLQEQRNHLQGKLSELQVEQTSLEPLQESPRTPGVWKSREVATEGIRGHRKMVLYTLRAPR,54,2.0,3.34427547454834,-1.3442754745483398
LEQYANQLADQIIKEATE,55,1.5,4.36565637588501,-2.8656563758850098
KPSSPPEE,56,2.0,1.4196374416351318,0.5803625583648682
HSDGIFTDSYSRYRKQMAVKKYLAAVL,57,2.0,1.0598406791687012,0.9401593208312988
SVTLFGESAGAASVSLHLLSPGSHSLFTR,58,2.0,5.710321426391602,-3.7103214263916016
NQEEVSPYTLLKG,59,1.2000000476837158,3.7509944438934326,-2.550994396209717
EDYELMDLLAYLK,60,1.1833332777023315,11.62671184539795,-10.443378448486328
PLLQATL,61,1.5,1.6881077289581299,-0.18810772895812988
SVSEIQLMHNLGKHLNSMERVEWLRKKLQDVHNF,62,5.0,1.356703281402588,3.643296718597412
ANTFLEEVRKGNLERECVEETCSYEEAFEALESSTATDVFWAKYTACETARTPRDKLAACLEGNCAEGLGTNYRGHVNITRSGIECQLWRSRYPHKPEINSTTHPGADLQENFCRNPDSSTTGPWCYTTDPTVRRQECSIPVCGQDQVTVAMTPRSEGSSVNLSPPLEQCVPDRGQQYQGRLAVTTHGLPCLAWASAQAKALSKHQDFNSAVQLVENFCRNPDGDEEGVWCYVAGKPGDFGYCDLNYCEEAVEEETGDGLDEDSDRAIEGRTA,63,1.5,3.206374168395996,-1.706374168395996
YTSLIHSLIEESQNQQEKNEQELLELDKWASLWNWF,64,3.1600000858306885,2.195466995239258,0.9645330905914307
HAEGTFTSDVSSYLEGQAAKEFIAWLVKGR,65,2.0,3.7156081199645996,-1.7156081199645996
TTWEAWDRAIAEYAARIEALLRALQEQQEKNEAALREL,66,70.0,11.01003360748291,58.989967346191406
YAEGTFISDYSIAMDKIHQQDFVNWLLAQKGKKNDWKHNITQ,67,12.0,1.4356958866119385,10.56430435180664
NPVENMMDRDSQ,68,12.0,2.176740884780884,9.823259353637695
ALAGIGILTV,69,11.0,5.728780746459961,5.271219253540039
DLAGIGILTV,70,12.0,8.866418838500977,3.1335811614990234
GLAGIGILTV,71,13.0,8.47927188873291,4.52072811126709
HAEGTFTSDVSSYLEGQAAKEFIAWLVRGRG,72,14.0,7.852418422698975,6.147581577301025
HAEGTFTSDVSSYLEGQAAKEFIAWLVKGRG,73,13.0,3.7991089820861816,9.200891494750977
RKEVY,74,0.008333333767950535,0.7960525155067444,-0.787719190120697
HGEGTFTSDLSKQMEEEAVRLFIEWLKNGGPSSGAPPPS,75,9.569999694824219,5.763623237609863,3.8063764572143555
YGRKKRRQRRR,76,6.666666507720947,10.150511741638184,-3.4838452339172363
CSNLSTCVLGKLSQELHKLQTYPRTNTGSGTP,77,1.0800000429153442,1.1879879236221313,-0.10798788070678711
HSDGTFTSELSRLREGARLQRLLQGLV,78,0.75,3.76908802986145,-3.01908802986145
GIVEQCCTSICSLYQLENYCN,79,2.700000047683716,7.457573890686035,-4.757574081420898
MWTGLGPAVTLALVLVVAWATELKPTAPPIFTGRPFVVAWDVPTQDCGPR,80,0.029999999329447746,4.237066268920898,-4.207066059112549
KCNTATCATQRLANFLVHSSNNFGPILPPTNVGSNTY,81,0.800000011920929,0.8871590495109558,-0.08715903759002686
SYSMEHFRWGKPVGKKRRPVKVYP,82,0.25,5.548459529876709,-5.298459529876709
SYSMEHFRWGKPVGKKRRPVKVYPDGAEDQLAEAFPLEF,83,0.25,2.0261833667755127,-1.7761833667755127
SDAAVDTSSEITTKDLKEKKEVVEEAEN,84,2.0,44.71695327758789,-42.71695327758789
HAEGTFTSDVSSYLEGQAAKEEFIAWLVRGRG,85,13.0,8.10301685333252,4.8969831466674805
YADAIFTNSYRKVLGQLSARKLLQDIMSRQQGESNQERGARARL,86,0.6333333253860474,1.3579432964324951,-0.7246099710464478
QIQLQQSGPEVVKPGASVKISCKASGYTFTDYYITWVK,87,120.0,2.1214547157287598,117.87854766845703
EFARPCIPKSFGYSSVVCVCNATYCDSFDPPTFPALGTFSRYESTRSGRR,88,0.39666667580604553,2.4163310527801514,-2.0196642875671387
HGDGSFSDEMNTILDNLAARDFINWLIQTKITD,89,2.0,6.548551082611084,-4.548551082611084
YADAIFTNSYRKVLGQLSARKLLQDIMSRQ,90,0.19166666269302368,1.3419208526611328,-1.150254249572754
CGNLSTCMLGTYTQDFNKFHTFPQTAIGVGAP,91,0.4000000059604645,1.7352454662322998,-1.3352454900741577
PGQEHPNARKYKGANKKGLSKGCFGLKLDRIGSMSGLGC,92,0.4074999988079071,2.9986629486083984,-2.591162919998169
LLRRKSHDHAQNHDGDKCLRGASLGYYQSFLNQYKPQCILNKP,93,17.5,1.1154754161834717,16.384525299072266
EVQLVESGGGLVQPGGSLRLSCAASGYSFTGHWMNWVRQAPGKGLEWVGIMIHPSDSETRYNQKFKDIRFTISVDKSKNTLYLQMNSLRAEDTAVYYCARIGIYFYGTTYFDYIWGQGTLVTVSS,94,120.0,105.0956802368164,14.904319763183594
QVTLRESGPALVKPTQTLTLTCTFSGFSLSTSGMSVGWIRQPPGKALEWLADIWWDDKKDYNPSLKSRLTISKDTSKNQVVLKVTNMDPADTATYYCARSMITNWYFDVWGAGTTVTVSS,95,456.0,83.75618743896484,372.2438049316406
FPRPGGGGNGDFEEIPEEYL,96,0.41999998688697815,1.3721890449523926,-0.9521890878677368
PHWSYLLR,97,3.0,1.2781987190246582,1.7218012809753418
CYFQNCPRG,98,0.25,2.599416732788086,-2.349416732788086
CYIQNCPLG,99,0.05833333358168602,0.40639805793762207,-0.34806472063064575
IEGPTLRQWLAARA,100,84.0,3.1459763050079346,80.8540267944336
CDLPQTHSLGSRRTLMLLAQMRRISLFSCLKDRHDFGFPQEEFGNQFQKAETIPVLHEMIQQIFNLFSTKDSSAAWDETLLDKFYTELYQQLNDLEACVIQGVGVTETPLMKEDSILAVRKYFQRITLYLKEKKYSPCAWEVVRAEIMRSFSLSTNLQESLRSKE,101,164.0,2.0460405349731445,161.95396423339844
CDLPQTHSLGSRRTLMLLAQMRKISLFSCLKDRHDFGFPQEEFGNQFQKAETIPVLHEMIQQIFNLFSTKDSSAAWDETLLDKFYTELYQQLNDLEACVIQGVGVTETPLMKEDSILAVRKYFQRITLYLKEKKYSPCAWEVVRAEIMRSFSLSTNLQESLRSKE,102,1.2000000476837158,28.834861755371094,-27.63486099243164
APPRLICDSRVLERYLLEAKEAENITTGCAEHCSLNENITVPDTKVNFYAWKRMEVGQQAVEVWQGLALLSEAVLRGQALLVNSSQPWEPLQLHVDKAVSGLRSLTTLLRALGAQKEAISPPDAASAAPLRTITADTFRKLFRVYSNFLRGKLKLYTGEACRTGDR,103,4.0,11.014288902282715,-7.014288902282715
MTPLGPASSLPQSFLLKCLEQVRKIQGDGAALQEKLCATYKLCHPEELVLLGHSLGIPWAPLSSCPSQALQLAGCLSQLHSGLFLYQGLLQALEGISPELGPTLDTLQLDVADFATTIWQQMEELGMAPALQPTQGAMPAFASAFQRRAGGVLVASHLQSFLEVSYRVLRHLAQP,104,47.5,3.2956082820892334,44.20439147949219
MRPSGRKSSKMQAFRIWDVNQKTFYLRNNQLVAGYLQGPNVNLEEKIDVVPIEPHALFLGIHGGKMCLSCVKSGDETRLQLEAVNITDLSENRKQDKRFAFIRSDSGPTTSFESAACPGWFLCTAMEADQPVSLTNMPDEGVMVTKFYFQEDE,105,5.0,28.13677215576172,-23.13677215576172
GPPPGPPRVSPDPRAELDSTVLLTRSLLADTRQLAAQLRDKFPADGDHNLDSLPTLAMSAGALGALQLPGVLTRLRADLLSYLRHVQWLRRAGGSSLKTLEPELGTLQARLDRLLRRLQLLMSRLALPQPPPDPPAPPLAPPSSAWGGIRAAHAILGGLHLTLDWAVRGLLLLKTRL,106,1.7000000476837158,25.672697067260742,-23.97269630432129
MSYDYMEGGDIRVRRLFCRTQWYLRIDKRGKVKGTQEMKNNYNIMEIRTVAVGIVAIKGVESEFYLAMNKEGKLYAKKECNEDCNFKELILENHYNTYASAKWTHNGGEMFVALNQKGIPVRGKKTKKEQKTAHFLPMAIT,107,4.5,2.4758336544036865,2.0241663455963135
MPTSSSTKKTQLQLEHLLLDLQMILNGINNYKNPKLTRMLTFKFYMPKKATELKHLQCLEEELKPLEEVLNLAQSKNFHLRPRDLISNINVIVLELKGSETTFMCEYADETATIVEFLNRWITFSQSIISTLT,108,0.8199999928474426,3.778096914291382,-2.958096981048584
MSYNLLGFLQRSSNFQCQKLLWQLNGRLEYCLKDRMNFDIPEEIKQLQQFQKEDAALTIYEMLQNIFAIFRQDSSSTGWNETIVENLLANVYHQINHLKTVLEEKLEKEDFTRGKLMSSLHLKRYYGRILHYLKAKEYSHCAWTIVRVEILRNFYFINRLTGYLRN,109,10.0,1.2737524509429932,8.726247787475586
SYNLLGFLQRSSNFQSQKLLWQLNGRLEYCLKDRMNFDIPEEIKQLQQFQKEDAALTIYEMLQNIFAIFRQDSSSTGWNETIVENLLANVYHQINHLKTVLEEKLEKEDFTRGKLMSSLHLKRYYGRILHYLKAKEYSHCAWTIVRVEILRNFYFINRLTGYLRN,110,0.25,7.802584648132324,-7.552584648132324
MCDLPQTHSLGNRRALILLAQMRRISPFSCLKDRHDFGFPQEEFDGNQFQKAQAISVLHEMIQQTFNLFSTKDSSAAWDESLLEKFYTELYQQLNDLEACVIQEVGVEETPLMNVDSILAVKKYFQRITLYLTEKKYSPCAWEVVRAEIMRSFSLSTNLQERLRRKE,111,1.2999999523162842,15.728907585144043,-14.42890739440918
CDLPQTHSLGSRRTLMLLAQMRRISLFSCLKDRHDFGFPQEEFGNQFQKAETIPVLHEMIQQIFNLFSTKDSSAAWDETLLDKFYTELYQQLNDLEACVIQGVGVTETPLMNEDSILAVRKYFQRITLYLKEKKYSPCAWEVVRAEIMRSFSLSTNLQESLRSKE,112,2.5,23.5555477142334,-21.0555477142334
MEGICRNRVTNNVKDVTKLVANLPKDYMITLKYVPGMDVLPSHCWISEMVVQLSDSLTDLLDKFSNISEGLSNYSIIDKLVNIVDDLVECVKENSSKDLKKSFKSPEPRLFTPEEFFRIFNRSIDAFKDFVVASETSDCVVSSTLSPEKDSRVSVTKPFMLPPVA,113,3.5,1.9437637329101562,1.5562362670898438
MVPIQKVQDDTKTLIKTIVTRINDISHTQSVSSKQKVTGLDFIPGLHPILTLSKMDQTLAVYQQILTSMPSRNVIQISNDLENLRDLLHVLAFSKSCHLPWASGLETLDSLGGVLEASGYSTEVVALSRLQGSLQDMLWQLDLSPGC,114,4.25,8.840991973876953,-4.590991973876953
VRSSSRTPSDKPVAHVVANPQAEGQLQWLNRRANALLANGVELRDNQLVVPSEGLYLIYSQVLFKGQGCPSTHVLLTHTISRIAVSYQTKVNLLSAIKSPCQRETPEGAEAKPWYEPIYLGGVFQLEKGDRLSAEINRPDYLDFAESGQVYFGIIAL,115,0.4166666567325592,2.7791764736175537,-2.3625097274780273
MTNKCLLQIALLLCFSTTALSMSYNLLGFLQRSSNFQCQKLLWQLNGRLEYCLKDRMNFDIPEEIKQLQQFQKEDAALTIYEMLQNIFAIFRQDSSSTGWNETIVENLLANVYHQINHLKTVLEEKLEKEDFTRGKLMSSLHLKRYYGRILHYLKAKEYSHCAWTIVRVEILRNFYFINRLTGYLRN,116,0.13333334028720856,3.338343620300293,-3.205010175704956
FPTIPLSRLFDNAMLRAHRLHQLAFDTYQEFEEAYIPKEQKYSFLQNPQTSLCFSESIPTPSNREETQQKSNLELLRISLLLIQSWLEPVQFLRSVFANSCVYGASDSNVYDLLKDLEEGIQTLMGRLEDGSPRTGQIFKQTYSKFDTNSHNDDALLKNYGLLYCFRKDMDKVETFLRIVQCRSVEGSCGF,117,60.0,3.646451234817505,56.35354995727539
LTYTDCTESGQNLCLCEGSNVCGQGNKCILGSDGEKNQCVTGEGTPKPQSHNDGDFEEIPEEYLQ,118,1.2999999523162842,1.8865046501159668,-0.5865046977996826
APDVQDCPECTLQENPFFSQPGAPILQCMGCCFSRAYPTPLRSKKTMLVQKNVTSESTCCVAKSYNRVTVMGGFKVENHTACHCSTCYYHKS,119,25.0,12.459222793579102,12.540777206420898
GPETLCGAELVDALQFVCGDRGFYFNKPTGYGSSSRRAPQTGIVDECCFRSCDLRRLEMYCAPLKPAKSA,120,5.800000190734863,6.595351696014404,-0.795351505279541
SVSEIQLMHNLGKHLNSMERVEWLRKKLQDVHNFVALGAPLAPRDAGSQRPRKKEDNVLVESHEKSLGEADKADVNVLTKAKSQ,121,1.5,1.2859141826629639,0.21408581733703613
RPDFCLEPPYTGPCKARIIRYFYNAKAGLCQTFVYGGCRAKRNNFKSAEDCMRTCGGA,122,2.5,24.683622360229492,-22.183622360229492
EAMHSFCAFKADDGPCRAAHPRWFFNIFTRQCEEFIYGGCEGNQNRFESLEECKKMCTRD,123,2.0,8.381997108459473,-6.381997108459473
SYSMEHFRWGKPVGKKRRPVKVYPNGAEDESAEAFPLEF,124,0.25,0.4704934358596802,-0.22049343585968018
GGGCYFQNCPKG,125,0.8333333134651184,0.5450966954231262,0.2882366180419922
HGEGTFTSDLSKQMEEEAVRLFIEWLKNGGPSSGAPPSKKKKKK,126,3.0,4.56933069229126,-1.5693306922912598
SQEPPISLDLTFHLLREVLEMTKADQLAQQAHSNRKLLDIA,127,0.19333332777023315,2.2905514240264893,-2.0972180366516113
HSDGTFTSELSRLRDSARLQRLLQGLV,128,0.44999998807907104,0.9011496901512146,-0.45114970207214355
DRVYIHPF,129,0.01666666753590107,0.9537448883056641,-0.9370782375335693
